ID,year,loan_limit,Gender,approv_in_adv,loan_type,loan_purpose,Credit_Worthiness,open_credit,business_or_commercial,loan_amount,rate_of_interest,Interest_rate_spread,Upfront_charges,term,Neg_ammortization,interest_only,lump_sum_payment,property_value,construction_type,occupancy_type,Secured_by,total_units,income,credit_type,Credit_Score,co-applicant_credit_type,age,submission_of_application,LTV,Region,Security_Type,Status,dtir1,Loan_Default_Amount
68637,2019,cf,Joint,nopre,type2,p4,l1,nopc,b/c,316500,3.25,0.3995,7834.05,360,not_neg,not_int,not_lpsm,358000.0,sb,pr,home,1U,6360.0,CIB,542,EXP,25-34,not_inst,88.40782123,North,direct,0,37.0,0.0
71814,2019,cf,Sex Not Available,nopre,type2,p3,l1,nopc,b/c,336500,4.75,0.9101,3611.54,360,not_neg,not_int,not_lpsm,468000.0,sb,pr,home,1U,6300.0,CRIF,501,CIB,45-54,to_inst,71.9017094,North,direct,0,49.0,0.0
113522,2019,cf,Joint,nopre,type1,p3,l1,nopc,nob/c,376500,3.625,0.4634,1250.0,180,not_neg,not_int,not_lpsm,478000.0,sb,pr,home,1U,11760.0,CRIF,512,EXP,35-44,to_inst,78.76569038,North,direct,0,31.0,0.0
144946,2019,cf,Male,nopre,type1,p4,l1,nopc,nob/c,146500,4.375,0.4814,3364.25,360,not_neg,not_int,not_lpsm,238000.0,sb,pr,home,1U,2220.0,CIB,862,CIB,55-64,to_inst,61.55462185,North,direct,0,36.0,0.0
102528,2019,cf,Joint,pre,type1,p4,l1,nopc,nob/c,276500,4.05,0.45,32245.0,360,not_neg,not_int,not_lpsm,308000.0,sb,pr,home,1U,8280.0,EXP,538,EXP,45-54,to_inst,89.77272727,North,direct,1,44.0,368192.5
92452,2019,cf,Sex Not Available,pre,type2,p3,l1,nopc,b/c,236500,4.625,0.9398,0.0,360,not_neg,not_int,not_lpsm,288000.0,sb,pr,home,1U,4800.0,CRIF,863,CIB,45-54,to_inst,82.11805556,south,direct,0,52.0,0.0
122859,2019,cf,Male,nopre,type1,p4,l1,nopc,nob/c,416500,3.5,-0.209,32245.0,360,not_neg,not_int,not_lpsm,478000.0,sb,pr,home,1U,8880.0,EXP,845,CIB,65-74,not_inst,87.13389121,south,direct,0,38.0,0.0
64889,2019,cf,Sex Not Available,nopre,type1,p3,l1,nopc,nob/c,366500,3.875,0.3194,8450.0,360,not_neg,not_int,not_lpsm,458000.0,sb,pr,home,1U,6060.0,EXP,885,EXP,45-54,to_inst,80.02183406,south,direct,0,30.0,0.0
163826,2019,ncf,Joint,nopre,type1,p1,l1,nopc,nob/c,606500,4.99,0.27,3045.0,324,neg_amm,not_int,not_lpsm,888000.0,sb,pr,home,1U,9060.0,CRIF,612,EXP,25-34,to_inst,68.29954955,central,direct,0,37.0,0.0
88448,2019,cf,Joint,nopre,type1,p4,l1,nopc,nob/c,636500,3.75,0.6313,1509.3,240,not_neg,not_int,not_lpsm,878000.0,sb,pr,home,1U,14220.0,CRIF,714,EXP,45-54,not_inst,72.49430524,south,direct,0,29.0,0.0
26380,2019,cf,Female,nopre,type1,p3,l1,nopc,nob/c,276500,3.99,0.3014,3950.0,288,not_neg,not_int,not_lpsm,388000.0,sb,pr,home,1U,5940.0,EXP,883,CIB,45-54,to_inst,71.2628866,North,direct,0,32.0,0.0
134095,2019,cf,Joint,nopre,type1,p1,l2,nopc,nob/c,646500,4.625,0.5441,0.0,360,not_neg,not_int,not_lpsm,688000.0,sb,pr,home,1U,8640.0,CRIF,714,EXP,25-34,not_inst,93.96802326,North,direct,0,43.0,0.0
58920,2019,cf,Sex Not Available,nopre,type1,p3,l1,nopc,nob/c,276500,4.05,0.45,32245.0,360,not_neg,not_int,not_lpsm,488000.0,sb,pr,home,1U,2460.0,CRIF,851,CIB,45-54,to_inst,56.65983607,south,direct,1,56.0,368192.5
51667,2019,cf,Male,nopre,type1,p1,l2,nopc,nob/c,136500,3.5,0.3235,3852.29,360,not_neg,not_int,not_lpsm,148000.0,sb,pr,home,1U,1620.0,EXP,720,CIB,55-64,to_inst,92.22972973,south,direct,0,49.0,0.0
66514,2019,cf,Sex Not Available,nopre,type2,p3,l1,nopc,b/c,306500,4.05,0.45,32245.0,360,neg_amm,not_int,not_lpsm,428000.0,sb,pr,home,1U,4500.0,EXP,681,EXP,45-54,to_inst,71.61214953,south,direct,1,39.0,404642.5
33334,2019,cf,Male,pre,type3,p3,l1,nopc,nob/c,156500,3.25,0.0012,5241.38,360,not_neg,not_int,not_lpsm,208000.0,sb,pr,home,1U,1440.0,CRIF,693,CIB,>74,to_inst,75.24038462,North,direct,0,53.0,0.0
135844,2019,cf,Sex Not Available,nopre,type1,p3,l1,nopc,nob/c,536500,4.375,0.2831,322.05,360,not_neg,not_int,not_lpsm,998000.0,sb,pr,home,1U,23280.0,CIB,615,EXP,45-54,not_inst,53.75751503,south,direct,0,36.0,0.0
91791,2019,cf,Male,nopre,type1,p3,l1,nopc,nob/c,286500,3.99,1.0186,4093.0,240,not_neg,not_int,not_lpsm,608000.0,sb,pr,home,1U,7320.0,EXP,723,CIB,45-54,to_inst,47.12171053,North,direct,0,37.0,0.0
167170,2019,cf,Female,nopre,type1,p3,l1,nopc,nob/c,356500,3.625,0.0669,895.0,360,not_neg,not_int,not_lpsm,598000.0,sb,pr,home,1U,3900.0,EXP,788,CIB,65-74,not_inst,59.61538462,North,direct,0,45.0,0.0
104012,2019,cf,Male,nopre,type1,p4,l1,nopc,nob/c,266500,3.0,-0.0938,3343.75,168,not_neg,not_int,not_lpsm,388000.0,sb,pr,home,1U,12180.0,CRIF,742,CIB,35-44,not_inst,68.68556701,North,direct,0,35.0,0.0
136474,2019,cf,Sex Not Available,nopre,type1,p3,l1,nopc,nob/c,276500,4.125,0.098,5470.0,360,not_neg,not_int,not_lpsm,428000.0,sb,pr,home,1U,4020.0,CIB,737,CIB,>74,to_inst,64.60280374,south,direct,0,46.0,0.0
40418,2019,cf,Sex Not Available,nopre,type1,p3,l1,nopc,nob/c,166500,4.875,1.0003,3150.0,360,not_neg,not_int,not_lpsm,208000.0,sb,pr,home,1U,2640.0,CRIF,542,CIB,55-64,to_inst,80.04807692,south,direct,0,37.0,0.0
124892,2019,cf,Male,nopre,type1,p4,l1,nopc,nob/c,486500,3.875,0.0313,0.0,360,not_neg,not_int,not_lpsm,628000.0,sb,pr,home,1U,7680.0,EXP,593,CIB,25-34,not_inst,77.46815287,south,direct,0,40.0,0.0
91912,2019,cf,Female,nopre,type1,p3,l1,nopc,nob/c,186500,3.75,0.3416,5866.38,360,not_neg,not_int,not_lpsm,258000.0,sb,pr,home,1U,2940.0,CIB,652,EXP,55-64,to_inst,72.28682171,south,direct,0,38.0,0.0
127370,2019,cf,Male,nopre,type1,p1,l1,nopc,nob/c,166500,5.375,1.3617,1565.63,360,not_neg,not_int,not_lpsm,178000.0,sb,pr,home,1U,8100.0,EXP,536,CIB,65-74,to_inst,93.53932584,south,direct,0,33.0,0.0
117424,2019,cf,Joint,nopre,type2,p1,l1,nopc,b/c,326500,3.625,1.0892,0.0,360,not_neg,int_only,not_lpsm,328000.0,sb,pr,home,1U,8040.0,CIB,710,EXP,35-44,not_inst,99.54268293,North,direct,0,28.0,0.0
142034,2019,ncf,Male,pre,type1,p2,l1,nopc,nob/c,76500,4.875,1.4407,2187.5,360,not_neg,not_int,not_lpsm,318000.0,sb,pr,home,1U,1200.0,CRIF,632,CIB,55-64,to_inst,24.05660377,North,direct,0,43.0,0.0
48549,2019,cf,Sex Not Available,nopre,type2,p3,l1,nopc,b/c,186500,4.75,1.5311,2039.06,360,not_neg,not_int,not_lpsm,218000.0,sb,pr,home,1U,9480.0,CIB,643,EXP,35-44,to_inst,85.55045872,south,direct,0,34.0,0.0
173381,2019,cf,Sex Not Available,pre,type1,p4,l1,nopc,nob/c,526500,3.99,0.2226,5748.0,360,not_neg,not_int,not_lpsm,738000.0,sb,pr,home,1U,6900.0,CIB,547,CIB,45-54,to_inst,71.34146341,south,direct,0,49.0,0.0
43976,2019,cf,Sex Not Available,nopre,type1,p3,l1,nopc,nob/c,156500,3.625,0.9899,4725.28,156,not_neg,not_int,not_lpsm,218000.0,sb,pr,home,1U,3660.0,EXP,847,CIB,65-74,to_inst,71.78899083,south,direct,0,26.0,0.0
72401,2019,cf,Male,nopre,type1,p1,l1,nopc,nob/c,446500,4.875,0.6404,952.96,360,not_neg,not_int,not_lpsm,668000.0,sb,ir,home,1U,86040.0,CIB,739,CIB,25-34,not_inst,66.84131737,North,direct,0,9.0,0.0
115213,2019,ncf,Joint,nopre,type2,p1,l1,nopc,b/c,266500,4.25,1.3629,6394.73,360,not_neg,not_int,not_lpsm,348000.0,sb,pr,home,1U,7980.0,CRIF,864,EXP,55-64,to_inst,76.58045977,south,direct,0,36.0,0.0
172584,2019,ncf,Joint,nopre,type1,p3,l1,nopc,nob/c,266500,4.99,0.9319,2360.4,360,not_neg,not_int,not_lpsm,318000.0,sb,pr,home,1U,4440.0,CIB,535,EXP,65-74,to_inst,83.80503145,south,direct,0,48.0,0.0
30420,2019,cf,Female,nopre,type1,p3,l1,nopc,nob/c,376500,4.05,0.45,32245.0,360,not_neg,not_int,not_lpsm,508000.0,sb,pr,home,1U,7080.0,EXP,866,CIB,55-64,to_inst,74.11417323,south,direct,1,28.0,489692.5
55690,2019,cf,Joint,nopre,type1,p4,l1,nopc,nob/c,256500,3.75,0.2267,408.68,180,not_neg,not_int,not_lpsm,468000.0,sb,ir,home,1U,12720.0,CIB,634,EXP,45-54,not_inst,54.80769231,North,direct,0,48.0,0.0
147094,2019,ncf,Female,pre,type1,p1,l1,nopc,nob/c,556500,4.25,0.1558,1084.85,360,not_neg,not_int,not_lpsm,748000.0,sb,pr,home,1U,11700.0,CIB,743,EXP,25-34,not_inst,74.39839572,south,direct,0,40.0,0.0
139350,2019,cf,Male,nopre,type1,p3,l1,nopc,nob/c,246500,3.75,0.5889,7290.8,180,not_neg,not_int,not_lpsm,348000.0,sb,pr,home,1U,5100.0,EXP,634,EXP,45-54,to_inst,70.83333333,North,direct,0,30.0,0.0
72884,2019,cf,Joint,nopre,type1,p3,l2,nopc,nob/c,166500,4.5,0.9528,4825.0,360,not_neg,not_int,not_lpsm,238000.0,sb,pr,home,1U,8460.0,CIB,829,EXP,55-64,to_inst,69.95798319,North,direct,0,24.0,0.0
44339,2019,cf,Joint,nopre,type1,p3,l1,nopc,nob/c,276500,5.375,1.3849,5875.0,360,not_neg,not_int,not_lpsm,368000.0,sb,pr,home,1U,7740.0,EXP,760,EXP,25-34,to_inst,75.13586957,North,direct,0,41.0,0.0
88493,2019,cf,Female,nopre,type1,p1,l1,nopc,nob/c,216500,4.625,0.6668,2237.5,360,neg_amm,not_int,not_lpsm,298000.0,sb,pr,home,1U,6660.0,CIB,607,CIB,55-64,to_inst,72.65100671,North,direct,0,32.0,0.0
96788,2019,cf,Joint,nopre,type1,p3,l1,nopc,nob/c,456500,4.875,0.4231,30.5,360,not_neg,not_int,not_lpsm,758000.0,sb,pr,home,2U,5700.0,EXP,801,EXP,45-54,not_inst,60.22427441,North,direct,0,37.0,0.0
83196,2019,cf,Female,nopre,type1,p3,l1,nopc,nob/c,376500,4.0,0.5415,4764.0,360,not_neg,not_int,not_lpsm,628000.0,sb,ir,home,1U,5940.0,CIB,862,CIB,55-64,not_inst,59.9522293,south,direct,0,42.0,0.0
117299,2019,cf,Male,nopre,type3,p3,l1,nopc,nob/c,446500,3.125,-0.1453,0.0,360,not_neg,not_int,not_lpsm,498000.0,sb,pr,home,1U,7140.0,CRIF,589,CIB,45-54,not_inst,89.65863454,North,direct,0,47.0,0.0
132548,2019,cf,Female,nopre,type1,p4,l1,nopc,nob/c,306500,3.75,0.482,0.0,240,not_neg,not_int,not_lpsm,468000.0,sb,pr,home,1U,5280.0,CIB,740,CIB,55-64,not_inst,65.49145299,North,direct,0,46.0,0.0
153954,2019,cf,Joint,nopre,type1,p3,l1,nopc,nob/c,276500,3.99,0.3812,0.0,360,not_neg,int_only,not_lpsm,678000.0,sb,pr,home,1U,4800.0,CRIF,874,EXP,55-64,not_inst,40.78171091,North,direct,0,36.0,0.0
64276,2019,cf,Sex Not Available,pre,type3,p4,l1,nopc,nob/c,506500,3.99,0.3921,0.0,360,not_neg,not_int,not_lpsm,588000.0,sb,pr,home,1U,7260.0,CRIF,699,EXP,25-34,to_inst,86.13945578,south,direct,0,39.0,0.0
128811,2019,cf,Female,nopre,type2,p4,l1,nopc,b/c,146500,4.05,0.45,32245.0,360,not_neg,not_int,not_lpsm,238000.0,sb,pr,home,1U,2820.0,CRIF,804,CIB,55-64,to_inst,61.55462185,central,direct,1,31.0,210242.5
155740,2019,cf,Sex Not Available,nopre,type1,p4,l1,nopc,nob/c,156500,4.375,0.7975,3476.03,324,not_neg,not_int,not_lpsm,298000.0,sb,pr,home,1U,3060.0,CRIF,528,EXP,65-74,to_inst,52.51677852,south,direct,0,37.0,0.0
147223,2019,ncf,Joint,nopre,type1,p3,l2,opc,nob/c,236500,6.24,1.012,32245.0,324,neg_amm,int_only,not_lpsm,658000.0,sb,pr,home,1U,15840.0,EXP,861,EXP,45-54,to_inst,35.94224924,North,direct,0,14.0,0.0
102286,2019,cf,Joint,nopre,type1,p4,l2,nopc,nob/c,186500,4.05,0.45,32245.0,180,not_neg,not_int,not_lpsm,998000.0,sb,pr,home,1U,4380.0,CRIF,873,EXP,55-64,not_inst,18.68737475,south,direct,1,36.0,145543.75
45007,2019,cf,Joint,pre,type3,p3,l1,nopc,nob/c,586500,3.25,-0.2832,3984.6,360,not_neg,not_int,not_lpsm,588000.0,sb,pr,home,1U,6900.0,EXP,761,EXP,25-34,not_inst,99.74489796,North,direct,0,45.0,0.0
97670,2019,cf,Sex Not Available,nopre,type2,p1,l1,nopc,b/c,136500,4.875,1.3378,1041.98,360,not_neg,not_int,not_lpsm,148000.0,sb,pr,home,1U,1980.0,CIB,712,CIB,35-44,not_inst,92.22972973,North,direct,0,51.0,0.0
116542,2019,ncf,Sex Not Available,nopre,type1,p3,l1,nopc,nob/c,146500,4.75,0.8711,3229.66,360,not_neg,not_int,not_lpsm,308000.0,sb,pr,home,1U,5520.0,CRIF,645,CIB,65-74,to_inst,47.56493506,south,direct,0,36.0,0.0
117741,2019,cf,Joint,pre,type1,p1,l1,nopc,nob/c,256500,3.375,0.3563,0.0,180,not_neg,not_int,not_lpsm,268000.0,sb,pr,home,1U,7680.0,EXP,631,EXP,45-54,not_inst,95.70895522,North,direct,0,20.0,0.0
113874,2019,cf,Joint,nopre,type1,p4,l1,nopc,nob/c,246500,3.625,0.4619,6123.62,240,not_neg,not_int,not_lpsm,298000.0,sb,pr,home,1U,4560.0,CIB,828,EXP,55-64,to_inst,82.71812081,North,direct,0,42.0,0.0
35614,2019,cf,Male,nopre,type1,p4,l1,nopc,nob/c,146500,3.99,1.043,3710.75,240,not_neg,not_int,not_lpsm,258000.0,sb,pr,home,1U,4980.0,CRIF,710,CIB,45-54,to_inst,56.78294574,south,direct,0,37.0,0.0
152884,2019,cf,Sex Not Available,nopre,type1,p3,l1,nopc,nob/c,206500,4.99,0.6377,32245.0,360,not_neg,not_int,not_lpsm,328000.0,sb,pr,home,1U,3780.0,CIB,557,CIB,45-54,to_inst,62.95731707,south,direct,0,37.0,0.0
63685,2019,cf,Male,nopre,type1,p3,l1,nopc,nob/c,116500,3.875,1.1187,3767.01,120,not_neg,not_int,not_lpsm,218000.0,sb,pr,home,1U,3840.0,CRIF,511,CIB,65-74,to_inst,53.44036697,North,direct,0,42.0,0.0
40038,2019,cf,Male,nopre,type1,p1,l1,nopc,nob/c,396500,4.75,0.4566,1356.22,360,not_neg,not_int,not_lpsm,418000.0,sb,pr,home,1U,4440.0,CRIF,802,CIB,25-34,not_inst,94.85645933,North,direct,0,48.0,0.0
164036,2019,cf,Female,pre,type2,p1,l1,nopc,b/c,386500,4.125,0.5908,0.0,360,not_neg,not_int,not_lpsm,398000.0,sb,pr,home,1U,6540.0,EXP,586,EXP,25-34,not_inst,97.11055276,North,direct,0,36.0,0.0
125061,2019,cf,Joint,nopre,type1,p4,l1,nopc,nob/c,346500,3.875,0.087,0.0,360,not_neg,not_int,not_lpsm,958000.0,sb,pr,home,1U,9660.0,EXP,713,EXP,65-74,not_inst,36.1691023,North,direct,0,7.0,0.0
72970,2019,cf,Joint,nopre,type1,p4,l2,nopc,nob/c,456500,4.05,0.45,32245.0,360,not_neg,not_int,not_lpsm,558000.0,sb,pr,home,1U,9960.0,CIB,834,EXP,45-54,not_inst,81.81003584,south,direct,1,44.0,586892.5
163953,2019,cf,Sex Not Available,pre,type1,p3,l1,nopc,nob/c,426500,4.375,0.8501,11847.4,360,not_neg,not_int,not_lpsm,538000.0,sb,pr,home,1U,7080.0,CRIF,646,EXP,65-74,to_inst,79.27509294,south,direct,0,28.0,0.0
95366,2019,cf,Male,nopre,type2,p2,l1,nopc,b/c,76500,4.05,0.45,32245.0,360,not_neg,not_int,lpsm,88000.0,sb,pr,home,1U,1440.0,CRIF,781,CIB,45-54,to_inst,86.93181818,south,direct,1,24.0,125192.5
30996,2019,cf,Female,nopre,type1,p3,l1,nopc,nob/c,606500,3.75,0.5412,0.0,180,not_neg,not_int,not_lpsm,1238000.0,sb,pr,home,1U,28020.0,CRIF,683,CIB,55-64,not_inst,48.99030695,North,direct,0,46.0,0.0
113394,2019,cf,Sex Not Available,nopre,type1,p3,l1,nopc,nob/c,196500,3.625,0.1674,6222.5,300,neg_amm,int_only,not_lpsm,338000.0,sb,pr,home,1U,2820.0,CRIF,505,EXP,45-54,to_inst,58.13609467,south,direct,0,47.0,0.0
28493,2019,cf,Female,nopre,type1,p1,l2,nopc,nob/c,266500,4.56,1.013,4501.25,360,not_neg,not_int,not_lpsm,278000.0,sb,pr,home,1U,4920.0,EXP,578,CIB,35-44,to_inst,95.86330935,North,direct,0,32.0,0.0
102431,2019,cf,Joint,nopre,type1,p3,l1,nopc,nob/c,236500,3.575,0.1055,2951.5,360,not_neg,not_int,not_lpsm,388000.0,sb,ir,home,1U,12720.0,EXP,543,EXP,55-64,to_inst,60.95360825,North,direct,0,37.0,0.0
160242,2019,cf,Female,nopre,type1,p4,l1,nopc,nob/c,636500,3.99,0.4443,6836.88,360,not_neg,not_int,not_lpsm,998000.0,sb,pr,home,1U,11580.0,CIB,580,CIB,45-54,to_inst,63.77755511,North,direct,0,31.0,0.0
35724,2019,cf,Sex Not Available,nopre,type3,p1,l1,nopc,nob/c,216500,4.05,0.45,32245.0,360,neg_amm,not_int,not_lpsm,278000.0,sb,pr,home,1U,3840.0,EXP,786,EXP,55-64,to_inst,77.87769784,south,direct,1,10.0,295292.5
109195,2019,cf,Joint,nopre,type2,p3,l1,nopc,b/c,216500,5.25,1.476,0.0,360,neg_amm,not_int,not_lpsm,248000.0,sb,pr,home,1U,2640.0,CIB,812,EXP,45-54,to_inst,87.2983871,south,direct,0,48.0,0.0
78813,2019,cf,Female,nopre,type1,p1,l1,nopc,nob/c,296500,4.05,0.45,32245.0,360,neg_amm,not_int,not_lpsm,368000.0,sb,pr,home,1U,5400.0,EXP,641,CIB,55-64,to_inst,80.57065217,North,direct,1,37.0,392492.5
83304,2019,ncf,Female,pre,type1,p1,l1,nopc,nob/c,596500,3.99,0.333,13466.25,360,not_neg,not_int,not_lpsm,638000.0,sb,pr,home,1U,7320.0,CIB,546,CIB,35-44,to_inst,93.49529781,south,direct,0,49.0,0.0
38074,2019,cf,Joint,nopre,type3,p3,l1,nopc,nob/c,346500,3.375,-0.3916,562.35,360,not_neg,not_int,not_lpsm,428000.0,sb,pr,home,1U,4800.0,CIB,788,EXP,55-64,not_inst,80.95794393,central,direct,0,45.0,0.0
64630,2019,cf,Joint,nopre,type1,p4,l1,nopc,nob/c,486500,3.75,0.1648,0.0,360,not_neg,not_int,not_lpsm,708000.0,sb,pr,home,1U,8340.0,CIB,878,EXP,25-34,not_inst,68.71468927,south,direct,0,30.0,0.0
47477,2019,cf,Male,pre,type3,p1,l2,nopc,nob/c,176500,4.125,0.7765,2806.5,360,not_neg,not_int,not_lpsm,178000.0,sb,pr,home,1U,3360.0,CIB,614,CIB,<25,to_inst,99.15730337,North,direct,0,30.0,0.0
77090,2019,cf,Joint,nopre,type1,p4,l1,nopc,nob/c,406500,3.25,-0.4151,5047.38,360,not_neg,not_int,not_lpsm,848000.0,sb,pr,home,1U,7500.0,CIB,628,EXP,55-64,not_inst,47.93632075,south,direct,0,31.0,0.0
79073,2019,cf,Female,nopre,type1,p4,l1,nopc,nob/c,436500,4.125,0.1775,0.0,360,not_neg,not_int,not_lpsm,498000.0,sb,pr,home,1U,5040.0,EXP,505,CIB,35-44,to_inst,87.65060241,North,direct,0,45.0,0.0
125717,2019,cf,Joint,nopre,type1,p4,l1,nopc,nob/c,286500,2.875,-0.4068,295.0,360,not_neg,not_int,not_lpsm,638000.0,sb,pr,home,1U,13680.0,CIB,852,EXP,65-74,to_inst,44.90595611,North,direct,0,7.0,0.0
124662,2019,cf,Joint,nopre,type1,p4,l2,nopc,nob/c,276500,4.875,1.0508,1495.92,360,not_neg,not_int,not_lpsm,328000.0,sb,pr,home,1U,3960.0,CRIF,690,EXP,55-64,to_inst,84.29878049,North,direct,0,42.0,0.0
126304,2019,cf,Sex Not Available,nopre,type1,p3,l1,nopc,nob/c,216500,4.5,0.6192,32245.0,300,neg_amm,not_int,not_lpsm,278000.0,sb,pr,home,1U,3300.0,CRIF,762,CIB,55-64,to_inst,77.87769784,south,direct,0,46.0,0.0
58123,2019,cf,Joint,nopre,type1,p3,l1,nopc,nob/c,286500,3.125,0.5052,9214.0,180,not_neg,not_int,not_lpsm,368000.0,sb,pr,home,1U,7740.0,EXP,888,EXP,45-54,to_inst,77.85326087,North,direct,0,41.0,0.0
127126,2019,cf,Joint,nopre,type1,p1,l1,nopc,nob/c,226500,3.625,0.0283,4800.0,360,not_neg,not_int,not_lpsm,278000.0,sb,pr,home,1U,5820.0,EXP,527,EXP,25-34,not_inst,81.47482014,North,direct,0,20.0,0.0
70299,2019,cf,Male,nopre,type1,p4,l1,nopc,nob/c,396500,3.875,0.1416,643.66,360,neg_amm,not_int,not_lpsm,508000.0,sb,pr,home,1U,5160.0,EXP,702,CIB,45-54,not_inst,78.0511811,south,direct,0,45.0,0.0
54965,2019,ncf,Joint,nopre,type3,p1,l1,nopc,nob/c,726500,3.625,0.0702,0.0,360,not_neg,not_int,not_lpsm,718000.0,sb,pr,home,1U,7980.0,EXP,700,EXP,65-74,not_inst,101.183844,North,direct,0,40.0,0.0
49925,2019,cf,Female,nopre,type1,p4,l1,nopc,nob/c,516500,4.625,0.1711,425.74,360,neg_amm,not_int,not_lpsm,648000.0,sb,pr,home,1U,9660.0,CIB,830,EXP,45-54,not_inst,79.70679012,North,direct,0,32.0,0.0
97619,2019,cf,Sex Not Available,nopre,type1,p3,l1,nopc,nob/c,466500,4.75,0.4961,11398.72,360,not_neg,not_int,not_lpsm,578000.0,sb,pr,home,1U,7920.0,CIB,569,EXP,55-64,to_inst,80.70934256,south,direct,0,38.0,0.0
44210,2019,cf,Female,nopre,type1,p3,l1,nopc,nob/c,116500,3.625,1.0891,3348.13,180,not_neg,not_int,not_lpsm,218000.0,sb,pr,home,1U,3660.0,CIB,541,CIB,25-34,to_inst,53.44036697,south,direct,0,37.0,0.0
168043,2019,cf,Male,nopre,type1,p3,l1,nopc,nob/c,246500,3.875,0.5906,5546.25,324,not_neg,int_only,not_lpsm,358000.0,sb,pr,home,1U,11460.0,CIB,580,CIB,55-64,to_inst,68.8547486,North,direct,0,25.0,0.0
129414,2019,cf,Female,pre,type1,p3,l1,nopc,nob/c,336500,4.5,0.4308,2821.75,360,not_neg,not_int,not_lpsm,898000.0,sb,pr,home,1U,2820.0,CIB,634,CIB,>74,to_inst,37.47216036,North,direct,0,49.0,0.0
128618,2019,cf,Female,pre,type1,p4,l1,nopc,nob/c,386500,4.0,0.1786,0.0,240,not_neg,not_int,not_lpsm,558000.0,sb,sr,home,1U,13920.0,CRIF,595,CIB,25-34,not_inst,69.26523297,south,direct,0,48.0,0.0
49213,2019,cf,Sex Not Available,nopre,type1,p3,l1,nopc,nob/c,96500,4.75,1.4018,3126.2,360,not_neg,not_int,not_lpsm,118000.0,sb,pr,home,1U,1380.0,EXP,519,CIB,>74,to_inst,81.77966102,south,direct,0,34.0,0.0
38255,2019,cf,Sex Not Available,nopre,type1,p3,l1,nopc,nob/c,486500,3.375,0.5433,17339.29,240,not_neg,not_int,not_lpsm,1158000.0,sb,pr,home,1U,9780.0,CRIF,870,CIB,55-64,to_inst,42.01208981,south,direct,0,44.0,0.0
94864,2019,cf,Sex Not Available,nopre,type1,p3,l1,nopc,nob/c,156500,4.375,0.8146,4091.25,348,not_neg,not_int,not_lpsm,238000.0,sb,pr,home,1U,3000.0,CIB,730,CIB,55-64,to_inst,65.75630252,south,direct,0,38.0,0.0
72413,2019,cf,Sex Not Available,nopre,type1,p4,l1,nopc,nob/c,226500,4.05,0.45,32245.0,360,not_neg,not_int,not_lpsm,358000.0,sb,pr,home,1U,4440.0,EXP,746,CIB,65-74,to_inst,63.26815642,south,direct,1,38.0,307442.5
84276,2019,cf,Male,nopre,type1,p3,l1,nopc,nob/c,216500,4.375,0.9763,2614.69,180,not_neg,not_int,not_lpsm,328000.0,sb,pr,home,1U,4380.0,EXP,754,CIB,65-74,to_inst,66.00609756,North,direct,0,39.0,0.0
66908,2019,cf,Sex Not Available,pre,type2,p3,l1,nopc,b/c,266500,3.5,0.789,3261.38,360,not_neg,not_int,not_lpsm,348000.0,sb,pr,home,1U,6120.0,CIB,681,CIB,35-44,to_inst,76.58045977,south,direct,0,40.0,0.0
107094,2019,cf,Joint,nopre,type1,p1,l1,nopc,nob/c,416500,4.375,0.0981,9473.12,360,not_neg,not_int,not_lpsm,528000.0,sb,pr,home,1U,7980.0,EXP,681,EXP,25-34,not_inst,78.88257576,south,direct,0,36.0,0.0
77573,2019,cf,Male,nopre,type1,p1,l1,nopc,nob/c,676500,4.05,0.45,32245.0,360,not_neg,not_int,not_lpsm,758000.0,sb,pr,home,1U,7320.0,CRIF,749,CIB,25-34,not_inst,89.24802111,south,direct,1,48.0,854192.5
121761,2019,cf,Joint,nopre,type1,p4,l1,nopc,nob/c,306500,3.0,-0.2364,0.0,180,not_neg,not_int,not_lpsm,1328000.0,sb,pr,home,1U,20280.0,CRIF,576,EXP,65-74,not_inst,23.07981928,North,direct,0,6.0,0.0
110396,2019,cf,Male,nopre,type3,p1,l1,nopc,nob/c,116500,4.05,0.45,32245.0,360,not_neg,not_int,lpsm,118000.0,sb,pr,home,1U,1740.0,CRIF,506,CIB,55-64,to_inst,98.72881356,North,direct,1,25.0,173792.5
131785,2019,cf,Joint,nopre,type1,p1,l2,nopc,nob/c,156500,4.99,1.2107,500.0,360,not_neg,not_int,not_lpsm,218000.0,sb,pr,home,1U,5700.0,CIB,611,EXP,65-74,to_inst,71.78899083,North,direct,0,30.0,0.0
37688,2019,cf,Sex Not Available,nopre,type1,p4,l1,nopc,nob/c,326500,4.05,0.45,32245.0,360,not_neg,not_int,not_lpsm,358000.0,sb,pr,home,1U,3480.0,EXP,543,CIB,35-44,to_inst,91.20111732,south,direct,1,47.0,428942.5
25524,2019,cf,Joint,nopre,type1,p3,l1,nopc,nob/c,156500,3.99,0.4281,3312.5,360,neg_amm,not_int,not_lpsm,258000.0,sb,pr,home,1U,3480.0,CRIF,858,EXP,>74,to_inst,60.65891473,North,direct,0,33.0,0.0
77667,2019,cf,Male,nopre,type1,p4,l1,nopc,nob/c,316500,3.5,-0.0697,625.53,360,not_neg,not_int,not_lpsm,428000.0,sb,pr,home,1U,4500.0,CIB,691,CIB,35-44,not_inst,73.94859813,North,direct,0,47.0,0.0
169602,2019,cf,Female,nopre,type2,p3,l1,nopc,b/c,96500,3.875,1.127,2140.56,360,not_neg,not_int,not_lpsm,128000.0,sb,pr,home,1U,2700.0,CRIF,858,CIB,65-74,to_inst,75.390625,central,direct,0,27.0,0.0
71750,2019,cf,Joint,nopre,type1,p4,l1,nopc,nob/c,666500,3.5,-0.1071,1458.98,360,neg_amm,int_only,not_lpsm,1808000.0,sb,pr,home,1U,21420.0,CIB,731,EXP,35-44,not_inst,36.86393805,south,direct,0,9.0,0.0
113654,2019,cf,Male,pre,type1,p3,l1,nopc,nob/c,106500,4.75,1.235,2220.0,240,not_neg,not_int,not_lpsm,278000.0,sb,pr,home,1U,3660.0,CIB,866,CIB,55-64,to_inst,38.30935252,North,direct,0,33.0,0.0
114512,2019,cf,Sex Not Available,nopre,type1,p4,l1,nopc,nob/c,226500,3.875,0.311,32245.0,324,not_neg,not_int,not_lpsm,278000.0,sb,pr,home,1U,4260.0,EXP,532,EXP,>74,to_inst,81.47482014,south,direct,0,36.0,0.0
73898,2019,cf,Male,pre,type1,p4,l1,nopc,nob/c,446500,4.0,0.2189,199.12,360,not_neg,not_int,not_lpsm,568000.0,sb,pr,home,1U,4020.0,EXP,844,CIB,45-54,not_inst,78.60915493,south,direct,0,49.0,0.0
41039,2019,cf,Sex Not Available,nopre,type1,p3,l1,nopc,nob/c,176500,3.625,0.1683,4381.1,360,not_neg,not_int,not_lpsm,378000.0,sb,pr,home,1U,2100.0,EXP,770,CIB,45-54,to_inst,46.69312169,south,direct,0,41.0,0.0
90635,2019,cf,Sex Not Available,nopre,type1,p4,l1,nopc,nob/c,446500,4.375,1.1183,4560.5,360,not_neg,not_int,not_lpsm,468000.0,sb,pr,home,1U,9720.0,CIB,759,EXP,45-54,to_inst,95.40598291,south,direct,0,49.0,0.0
34084,2019,cf,Male,nopre,type1,p3,l1,nopc,nob/c,386500,4.875,1.2343,5067.5,348,not_neg,not_int,not_lpsm,508000.0,sb,pr,home,1U,3840.0,CIB,889,CIB,45-54,to_inst,76.08267717,North,direct,0,44.0,0.0
142370,2019,cf,Male,nopre,type1,p4,l2,nopc,nob/c,406500,4.875,0.5329,234.28,360,not_neg,not_int,not_lpsm,608000.0,sb,ir,home,1U,10200.0,CIB,530,CIB,55-64,not_inst,66.85855263,North,direct,0,40.0,0.0
109820,2019,cf,Female,nopre,type2,p3,l1,nopc,b/c,486500,4.05,0.45,32245.0,360,not_neg,not_int,not_lpsm,588000.0,sb,pr,home,1U,5340.0,CRIF,838,CIB,55-64,to_inst,82.73809524,North,direct,1,45.0,623342.5
135150,2019,cf,Female,nopre,type1,p3,l2,opc,nob/c,256500,4.5,0.272,32245.0,360,not_neg,int_only,not_lpsm,1808000.0,sb,pr,home,1U,9360.0,CRIF,787,CIB,65-74,to_inst,14.1869469,North,direct,0,47.0,0.0
81222,2019,cf,Joint,nopre,type2,p3,l1,nopc,b/c,106500,4.375,0.9002,2526.25,360,neg_amm,not_int,not_lpsm,148000.0,sb,pr,home,1U,2640.0,CRIF,658,EXP,65-74,to_inst,71.95945946,North,direct,0,39.0,0.0
28468,2019,cf,Sex Not Available,nopre,type3,p3,l1,nopc,nob/c,76500,4.05,0.45,32245.0,360,not_neg,not_int,not_lpsm,38000.0,sb,pr,home,1U,1560.0,CIB,885,CIB,>74,to_inst,201.3157895,south,direct,1,27.0,125192.5
144593,2019,cf,Male,pre,type3,p1,l1,nopc,nob/c,186500,4.05,0.45,32245.0,360,not_neg,not_int,not_lpsm,188000.0,sb,pr,home,1U,4440.0,CRIF,849,CIB,55-64,to_inst,99.20212766,North,direct,1,42.0,258842.5
137723,2019,ncf,Sex Not Available,pre,type1,p4,l1,nopc,nob/c,106500,4.75,1.4026,3313.1,360,not_neg,not_int,not_lpsm,118000.0,sb,pr,home,1U,6600.0,EXP,736,EXP,55-64,to_inst,90.25423729,south,direct,0,14.0,0.0
30157,2019,cf,Female,nopre,type1,p4,l1,nopc,nob/c,406500,3.99,0.3991,3784.12,360,not_neg,not_int,not_lpsm,558000.0,sb,pr,home,1U,4620.0,EXP,563,CIB,35-44,to_inst,72.84946237,North,direct,0,48.0,0.0
33015,2019,cf,Joint,nopre,type1,p1,l1,nopc,nob/c,476500,3.375,-0.1397,1326.75,360,not_neg,not_int,not_lpsm,878000.0,sb,pr,home,1U,7920.0,CIB,669,EXP,45-54,not_inst,54.27107062,North,direct,0,37.0,0.0
89550,2019,ncf,Sex Not Available,nopre,type1,p4,l2,nopc,nob/c,1036500,4.05,0.45,32245.0,300,neg_amm,not_int,not_lpsm,2008000.0,sb,pr,home,1U,33960.0,CIB,808,CIB,35-44,to_inst,51.6185259,south,direct,1,22.0,1081701.25
114765,2019,cf,Female,nopre,type1,p4,l1,nopc,nob/c,206500,3.99,0.4941,3248.65,312,not_neg,not_int,not_lpsm,248000.0,sb,pr,home,1U,4320.0,EXP,841,CIB,35-44,to_inst,83.26612903,North,direct,0,43.0,0.0
48910,2019,cf,Sex Not Available,nopre,type1,p4,l1,nopc,nob/c,376500,3.25,-0.2281,7322.5,360,neg_amm,not_int,not_lpsm,468000.0,sb,pr,home,1U,4860.0,CRIF,746,CIB,65-74,to_inst,80.44871795,south,direct,0,47.0,0.0
91875,2019,cf,Joint,nopre,type1,p4,l1,nopc,nob/c,516500,3.75,0.0628,622.8,360,not_neg,not_int,not_lpsm,728000.0,sb,pr,home,1U,11100.0,CRIF,871,EXP,35-44,not_inst,70.9478022,central,direct,0,40.0,0.0
133892,2019,ncf,Female,nopre,type1,p3,l1,nopc,nob/c,176500,5.25,1.0293,6458.5,324,neg_amm,not_int,not_lpsm,438000.0,sb,ir,home,1U,9600.0,CIB,750,EXP,45-54,to_inst,40.29680365,North,direct,0,42.0,0.0
92922,2019,cf,Female,pre,type1,p1,l1,nopc,nob/c,226500,3.5,-0.0393,6762.5,360,neg_amm,not_int,not_lpsm,298000.0,sb,pr,home,1U,2340.0,CRIF,679,EXP,45-54,to_inst,76.00671141,North,direct,0,49.0,0.0
77133,2019,cf,Male,nopre,type2,p1,l1,nopc,b/c,126500,4.99,1.8354,0.0,360,not_neg,not_int,not_lpsm,128000.0,sb,pr,home,1U,3480.0,EXP,551,CIB,25-34,to_inst,98.828125,south,direct,0,39.0,0.0
38042,2019,cf,Joint,nopre,type1,p3,l1,nopc,nob/c,626500,4.99,0.552,0.0,360,not_neg,not_int,not_lpsm,998000.0,sb,pr,home,1U,14820.0,EXP,719,EXP,45-54,not_inst,62.7755511,North,direct,0,40.0,0.0
133442,2019,cf,Female,nopre,type1,p4,l1,nopc,nob/c,606500,3.99,0.4133,0.0,360,not_neg,not_int,not_lpsm,878000.0,sb,pr,home,1U,6120.0,CIB,871,CIB,45-54,not_inst,69.07744875,North,direct,0,42.0,0.0
120769,2019,cf,Male,pre,type1,p1,l1,nopc,nob/c,326500,4.25,0.8656,2053.13,360,not_neg,not_int,not_lpsm,368000.0,sb,pr,home,1U,4080.0,EXP,654,CIB,25-34,to_inst,88.72282609,North,direct,0,49.0,0.0
108161,2019,cf,Joint,nopre,type1,p4,l1,nopc,nob/c,256500,3.375,0.247,0.0,240,not_neg,not_int,not_lpsm,718000.0,sb,pr,home,1U,8040.0,CRIF,800,EXP,35-44,not_inst,35.72423398,south,direct,0,30.0,0.0
99915,2019,cf,Joint,nopre,type1,p3,l1,nopc,nob/c,546500,5.0,0.822,0.0,360,not_neg,not_int,not_lpsm,698000.0,sb,pr,home,1U,8580.0,CIB,899,EXP,35-44,not_inst,78.29512894,North,direct,0,47.0,0.0
34898,2019,cf,Male,nopre,type2,p4,l1,nopc,b/c,286500,4.05,0.45,32245.0,360,not_neg,not_int,not_lpsm,318000.0,sb,pr,home,1U,5460.0,CRIF,600,CIB,35-44,to_inst,90.09433962,North,direct,1,30.0,380342.5
30337,2019,cf,Joint,nopre,type1,p4,l1,nopc,nob/c,336500,3.5,-0.0046,6769.73,324,not_neg,not_int,not_lpsm,498000.0,sb,pr,home,1U,10440.0,EXP,780,EXP,35-44,to_inst,67.57028112,North,direct,0,5.0,0.0
25791,2019,cf,Sex Not Available,nopre,type1,p1,l1,nopc,nob/c,116500,4.375,0.2374,3025.0,324,neg_amm,not_int,not_lpsm,518000.0,sb,pr,home,1U,3360.0,EXP,664,EXP,45-54,to_inst,22.49034749,south,direct,0,31.0,0.0
45139,2019,cf,Joint,nopre,type1,p3,l1,nopc,nob/c,226500,3.99,0.3061,0.0,360,not_neg,not_int,not_lpsm,438000.0,sb,pr,home,1U,3060.0,CRIF,775,EXP,65-74,not_inst,51.71232877,North,direct,0,43.0,0.0
48430,2019,cf,Joint,pre,type1,p3,l1,nopc,nob/c,156500,4.125,0.6078,3875.0,360,not_neg,not_int,not_lpsm,308000.0,sb,pr,home,1U,2040.0,EXP,800,EXP,65-74,to_inst,50.81168831,North,direct,0,39.0,0.0
96129,2019,ncf,Male,nopre,type3,p3,l1,nopc,nob/c,226500,4.05,0.45,32245.0,360,not_neg,not_int,not_lpsm,248000.0,sb,pr,home,1U,1740.0,EXP,650,CIB,65-74,to_inst,91.33064516,North,direct,1,60.0,307442.5
109219,2019,cf,Sex Not Available,nopre,type1,p3,l1,nopc,nob/c,356500,3.69,-0.0453,1360.58,360,not_neg,not_int,not_lpsm,448000.0,sb,pr,home,1U,3360.0,CIB,891,CIB,35-44,not_inst,79.57589286,south,direct,0,48.0,0.0
150428,2019,cf,Joint,nopre,type1,p4,l1,nopc,nob/c,356500,3.875,0.4493,9635.0,360,not_neg,not_int,not_lpsm,428000.0,sb,pr,home,1U,5400.0,CRIF,762,EXP,25-34,not_inst,83.29439252,North,direct,0,49.0,0.0
84017,2019,cf,Sex Not Available,nopre,type3,p3,l1,nopc,nob/c,316500,4.5,0.2938,3904.22,360,not_neg,not_int,not_lpsm,398000.0,sb,pr,home,1U,3960.0,EXP,699,EXP,>74,to_inst,79.52261307,south,direct,0,52.0,0.0
166535,2019,ncf,Male,nopre,type1,p4,l1,nopc,nob/c,256500,4.05,0.45,32245.0,360,not_neg,not_int,not_lpsm,818000.0,sb,pr,home,1U,3420.0,EXP,554,CIB,55-64,to_inst,31.35696822,North,direct,1,40.0,343892.5
38571,2019,cf,Female,nopre,type2,p3,l1,nopc,b/c,446500,3.625,0.6846,0.0,360,neg_amm,not_int,not_lpsm,558000.0,sb,pr,home,1U,4500.0,CIB,757,CIB,25-34,not_inst,80.01792115,North,direct,0,58.0,0.0
86168,2019,cf,Sex Not Available,nopre,type1,p4,l1,nopc,nob/c,346500,4.625,0.3079,5468.92,360,neg_amm,not_int,not_lpsm,418000.0,sb,pr,home,1U,7140.0,CIB,775,EXP,35-44,to_inst,82.89473684,south,direct,0,33.0,0.0
85859,2019,cf,Male,nopre,type1,p3,l1,nopc,nob/c,316500,3.75,0.4346,9750.0,360,not_neg,not_int,not_lpsm,418000.0,sb,pr,home,1U,3540.0,EXP,615,CIB,45-54,to_inst,75.71770335,North-East,direct,0,43.0,0.0
61786,2019,cf,Sex Not Available,nopre,type1,p3,l1,nopc,nob/c,96500,4.56,0.5722,2838.88,360,not_neg,not_int,not_lpsm,128000.0,sb,pr,home,1U,2520.0,EXP,838,CIB,35-44,to_inst,75.390625,south,direct,0,30.0,0.0
61384,2019,ncf,Female,nopre,type1,p3,l1,nopc,nob/c,546500,4.05,0.45,32245.0,360,not_neg,not_int,not_lpsm,718000.0,sb,pr,home,1U,10320.0,CIB,656,CIB,65-74,to_inst,76.11420613,North,direct,1,36.0,696242.5
74780,2019,cf,Joint,pre,type2,p1,l1,nopc,b/c,346500,4.05,0.45,32245.0,360,not_neg,not_int,not_lpsm,308000.0,sb,pr,home,1U,7140.0,CIB,625,EXP,55-64,not_inst,112.5,North,direct,1,51.0,453242.5
158402,2019,cf,Joint,pre,type1,p1,l1,nopc,nob/c,426500,3.5,-0.0849,3675.0,360,not_neg,not_int,not_lpsm,528000.0,sb,pr,home,1U,7560.0,CIB,894,EXP,35-44,to_inst,80.77651515,central,direct,0,47.0,0.0
133119,2019,cf,Sex Not Available,nopre,type1,p4,l1,nopc,nob/c,206500,2.99,0.2657,6028.5,180,not_neg,not_int,not_lpsm,998000.0,sb,pr,home,1U,2820.0,CRIF,868,CIB,>74,to_inst,20.69138277,south,direct,0,42.0,0.0
90204,2019,cf,Joint,nopre,type1,p1,l1,nopc,nob/c,376500,4.25,0.0908,1328.17,360,not_neg,not_int,not_lpsm,508000.0,sb,sr,home,1U,19800.0,CIB,748,EXP,55-64,not_inst,74.11417323,North,direct,0,25.0,0.0
167012,2019,cf,Male,nopre,type1,p1,l1,nopc,nob/c,486500,3.375,-0.12,888.6,360,not_neg,not_int,not_lpsm,668000.0,sb,pr,home,1U,5460.0,CRIF,669,CIB,35-44,not_inst,72.82934132,south,direct,0,37.0,0.0
167645,2019,cf,Joint,nopre,type1,p4,l1,nopc,nob/c,366500,4.05,0.45,32245.0,180,not_neg,not_int,not_lpsm,708000.0,sb,pr,home,1U,19200.0,CIB,837,EXP,35-44,to_inst,51.76553672,North,direct,1,17.0,254893.75
46318,2019,cf,Joint,nopre,type1,p4,l1,nopc,nob/c,336500,3.75,0.0241,1349.7,360,not_neg,not_int,not_lpsm,568000.0,sb,pr,home,1U,4260.0,CIB,710,EXP,65-74,not_inst,59.24295775,North,direct,0,36.0,0.0
144538,2019,cf,Joint,nopre,type1,p4,l1,nopc,nob/c,486500,3.75,0.0091,4500.0,360,not_neg,not_int,not_lpsm,758000.0,sb,pr,home,1U,12900.0,CIB,550,EXP,45-54,not_inst,64.18205805,central,direct,0,29.0,0.0
30455,2019,cf,Male,nopre,type1,p1,l1,nopc,nob/c,316500,4.5,0.1557,1539.5,360,not_neg,not_int,not_lpsm,328000.0,sb,pr,home,1U,6840.0,CRIF,636,CIB,35-44,to_inst,96.49390244,North,direct,0,36.0,0.0
130738,2019,ncf,Female,nopre,type2,p3,l1,nopc,b/c,146500,3.375,0.1946,5557.54,360,not_neg,not_int,not_lpsm,218000.0,sb,pr,home,1U,3300.0,CRIF,681,CIB,55-64,to_inst,67.20183486,North,direct,0,25.0,0.0
27438,2019,cf,Joint,nopre,type1,p3,l1,nopc,nob/c,346500,3.375,-0.1514,5562.5,360,not_neg,not_int,not_lpsm,618000.0,sb,pr,home,2U,4260.0,CRIF,899,EXP,25-34,to_inst,56.06796117,North,direct,0,42.0,0.0
88344,2019,cf,Female,nopre,type1,p4,l1,nopc,nob/c,366500,4.375,0.0442,6109.21,360,not_neg,not_int,not_lpsm,428000.0,sb,pr,home,1U,8460.0,EXP,612,CIB,>74,to_inst,85.63084112,North,direct,0,45.0,0.0
64920,2019,cf,Male,nopre,type2,p3,l1,nopc,b/c,296500,3.25,0.281,5096.29,360,not_neg,not_int,not_lpsm,368000.0,sb,pr,home,1U,4380.0,CRIF,814,CIB,45-54,not_inst,80.57065217,central,direct,0,49.0,0.0
99026,2019,ncf,Sex Not Available,nopre,type1,p3,l1,nopc,nob/c,926500,3.625,-0.019,795.0,360,not_neg,not_int,not_lpsm,1358000.0,sb,pr,home,1U,10980.0,CIB,864,EXP,45-54,to_inst,68.22533137,south,direct,0,42.0,0.0
168174,2019,cf,Joint,nopre,type1,p2,l1,nopc,nob/c,216500,4.375,1.0495,1453.9,180,not_neg,not_int,not_lpsm,408000.0,sb,ir,home,1U,16680.0,CIB,796,EXP,55-64,not_inst,53.06372549,south,direct,0,39.0,0.0
50195,2019,cf,Sex Not Available,nopre,type1,p3,l1,nopc,nob/c,376500,4.99,0.5819,32245.0,324,neg_amm,not_int,not_lpsm,508000.0,sb,pr,home,1U,5820.0,CRIF,667,EXP,45-54,to_inst,74.11417323,south,direct,0,30.0,0.0
48753,2019,cf,Female,nopre,type1,p1,l1,nopc,nob/c,346500,4.05,0.45,32245.0,360,not_neg,not_int,not_lpsm,368000.0,sb,pr,home,1U,9360.0,CRIF,808,EXP,25-34,to_inst,94.1576087,North,direct,1,20.0,453242.5
143429,2019,cf,Sex Not Available,nopre,type2,p3,l1,nopc,b/c,256500,3.75,0.8455,5148.54,360,not_neg,not_int,not_lpsm,318000.0,sb,pr,home,1U,5700.0,CRIF,562,CIB,35-44,to_inst,80.66037736,North,direct,0,47.0,0.0
34045,2019,ncf,Joint,pre,type1,p1,l1,nopc,nob/c,726500,4.5,0.4443,0.0,360,not_neg,not_int,not_lpsm,1158000.0,sb,pr,home,1U,14640.0,CRIF,594,EXP,35-44,not_inst,62.73747841,south,direct,0,41.0,0.0
85212,2019,cf,Male,nopre,type1,p4,l1,nopc,nob/c,596500,3.5,0.0132,1294.5,360,neg_amm,not_int,not_lpsm,1078000.0,sb,pr,home,1U,11040.0,CIB,553,CIB,45-54,not_inst,55.33395176,south,direct,0,41.0,0.0
156434,2019,cf,Female,nopre,type1,p4,l1,nopc,nob/c,206500,3.625,0.1389,6627.86,360,neg_amm,not_int,not_lpsm,298000.0,sb,pr,home,1U,4320.0,EXP,681,CIB,35-44,to_inst,69.29530201,North,direct,0,21.0,0.0
57040,2019,ncf,Female,nopre,type1,p3,l1,nopc,nob/c,256500,4.375,0.4552,2633.6,360,not_neg,not_int,not_lpsm,308000.0,sb,pr,home,1U,5040.0,CRIF,842,CIB,35-44,not_inst,83.27922078,North,direct,0,25.0,0.0
107261,2019,cf,Joint,nopre,type1,p2,l1,opc,nob/c,506500,6.24,1.192,32245.0,360,not_neg,int_only,not_lpsm,1678000.0,sb,pr,home,1U,17400.0,CRIF,660,EXP,45-54,to_inst,30.18474374,North,direct,0,22.0,0.0
154854,2019,cf,Male,nopre,type1,p4,l1,nopc,nob/c,596500,3.75,0.0724,0.0,360,not_neg,not_int,not_lpsm,718000.0,sb,pr,home,1U,7320.0,CRIF,797,CIB,45-54,not_inst,83.07799443,North,direct,0,42.0,0.0
147630,2019,cf,Sex Not Available,nopre,type1,p3,l1,nopc,nob/c,86500,4.25,0.8061,2969.0,180,not_neg,not_int,not_lpsm,418000.0,sb,pr,home,1U,3480.0,EXP,881,EXP,>74,to_inst,20.6937799,south,direct,0,22.0,0.0
57069,2019,cf,Male,nopre,type1,p3,l2,nopc,nob/c,486500,4.05,0.45,32245.0,300,neg_amm,not_int,not_lpsm,548000.0,sb,pr,home,1U,6840.0,CIB,596,CIB,45-54,to_inst,88.77737226,North,direct,1,47.0,524826.25
49782,2019,cf,Female,nopre,type2,p1,l1,nopc,b/c,256500,5.25,1.7964,0.0,360,not_neg,not_int,not_lpsm,268000.0,sb,pr,home,1U,3300.0,CRIF,673,CIB,55-64,not_inst,95.70895522,North,direct,0,55.0,0.0
47178,2019,cf,Male,nopre,type1,p2,l1,nopc,nob/c,126500,4.05,0.45,32245.0,360,not_neg,not_int,not_lpsm,508000.0,sb,pr,home,1U,4560.0,CRIF,753,CIB,45-54,to_inst,24.9015748,south,direct,1,41.0,185942.5
48835,2019,cf,Male,nopre,type1,p1,l1,nopc,nob/c,466500,3.875,-0.0363,1177.9,360,not_neg,not_int,not_lpsm,848000.0,sb,pr,home,1U,22800.0,CIB,874,CIB,55-64,not_inst,55.01179245,south,direct,0,8.0,0.0
156086,2019,ncf,Female,nopre,type1,p1,l1,nopc,nob/c,116500,5.875,1.4299,3390.0,324,neg_amm,not_int,not_lpsm,148000.0,sb,pr,home,1U,7620.0,CRIF,668,EXP,55-64,to_inst,78.71621622,North,direct,0,42.0,0.0
128915,2019,ncf,Joint,nopre,type1,p3,l2,opc,nob/c,256500,6.24,1.312,32245.0,360,not_neg,int_only,not_lpsm,2108000.0,sb,pr,home,1U,13740.0,CIB,659,EXP,>74,to_inst,12.16793169,North,direct,0,34.0,0.0
158186,2019,cf,Female,nopre,type1,p3,l1,nopc,nob/c,306500,3.99,1.1822,6628.7,240,not_neg,not_int,not_lpsm,448000.0,sb,pr,home,1U,8460.0,EXP,510,CIB,45-54,to_inst,68.41517857,North,direct,0,37.0,0.0
116282,2019,cf,Male,nopre,type1,p3,l1,nopc,nob/c,426500,3.875,0.237,0.0,360,not_neg,not_int,not_lpsm,728000.0,sb,pr,home,1U,4920.0,CIB,502,CIB,35-44,not_inst,58.58516484,North,direct,0,46.0,0.0
33190,2019,cf,Male,nopre,type1,p4,l1,nopc,nob/c,286500,3.99,0.3586,1071.75,360,not_neg,not_int,not_lpsm,318000.0,sb,pr,home,1U,6420.0,CIB,835,CIB,25-34,to_inst,90.09433962,south,direct,0,27.0,0.0
80156,2019,cf,Male,nopre,type3,p1,l1,nopc,nob/c,316500,3.25,-0.4485,3166.65,360,not_neg,not_int,not_lpsm,318000.0,sb,pr,home,1U,5640.0,CIB,638,CIB,25-34,not_inst,99.52830189,North,direct,0,31.0,0.0
97504,2019,cf,Male,nopre,type1,p3,l1,nopc,nob/c,366500,4.875,0.3052,2055.0,360,not_neg,not_int,not_lpsm,458000.0,sb,pr,home,1U,7380.0,CIB,846,CIB,55-64,to_inst,80.02183406,North,direct,0,42.0,0.0
130721,2019,cf,Female,nopre,type1,p4,l1,nopc,nob/c,216500,4.05,0.45,32245.0,324,not_neg,int_only,not_lpsm,368000.0,sb,pr,home,1U,2700.0,CIB,569,CIB,55-64,to_inst,58.83152174,North,direct,1,38.0,268987.75
99033,2019,cf,Sex Not Available,nopre,type1,p4,l1,nopc,nob/c,266500,4.05,0.45,32245.0,180,not_neg,not_int,not_lpsm,268000.0,sb,pr,home,1U,5940.0,EXP,702,EXP,45-54,to_inst,99.44029851,south,direct,1,61.0,194143.75
138273,2019,cf,Female,nopre,type1,p3,l1,nopc,nob/c,256500,4.125,0.1972,4062.5,300,not_neg,not_int,not_lpsm,368000.0,sb,pr,home,1U,5100.0,CIB,627,CIB,45-54,to_inst,69.70108696,North,direct,0,31.0,0.0
32334,2019,cf,Male,nopre,type1,p4,l1,nopc,nob/c,186500,3.99,0.4165,2331.2,360,not_neg,not_int,not_lpsm,278000.0,sb,pr,home,1U,3480.0,CRIF,713,CIB,25-34,to_inst,67.08633094,North,direct,0,37.0,0.0
71386,2019,cf,Sex Not Available,nopre,type1,p3,l1,nopc,nob/c,406500,4.05,0.45,32245.0,360,neg_amm,not_int,not_lpsm,548000.0,sb,pr,home,1U,3000.0,EXP,505,EXP,55-64,to_inst,74.17883212,south,direct,1,56.0,526142.5
43220,2019,cf,Joint,pre,type2,p3,l1,nopc,b/c,286500,3.99,1.2114,3872.07,360,not_neg,not_int,not_lpsm,328000.0,sb,pr,home,1U,7200.0,EXP,896,EXP,55-64,to_inst,87.34756098,North,direct,0,39.0,0.0
51439,2019,cf,Female,nopre,type2,p3,l1,nopc,b/c,206500,3.99,0.8559,5306.88,360,not_neg,not_int,not_lpsm,328000.0,sb,pr,home,1U,2820.0,CRIF,701,CIB,45-54,to_inst,62.95731707,North,direct,0,37.0,0.0
59709,2019,cf,Sex Not Available,nopre,type1,p3,l1,nopc,nob/c,256500,3.875,0.1667,200.0,180,not_neg,not_int,not_lpsm,648000.0,sb,pr,home,1U,17580.0,CIB,801,CIB,55-64,to_inst,39.58333333,south,direct,0,16.0,0.0
54611,2019,cf,Sex Not Available,nopre,type1,p3,l1,nopc,nob/c,286500,3.75,0.398,32245.0,360,not_neg,not_int,not_lpsm,488000.0,sb,pr,home,1U,11700.0,CIB,535,EXP,55-64,to_inst,58.70901639,south,direct,0,30.0,0.0
103905,2019,cf,Male,pre,type1,p4,l1,nopc,nob/c,726500,5.125,1.4792,0.0,360,not_neg,not_int,not_lpsm,1358000.0,sb,pr,home,1U,17040.0,CIB,519,CIB,45-54,not_inst,53.49779087,North,direct,0,32.0,0.0
103458,2019,cf,Sex Not Available,nopre,type1,p4,l1,nopc,nob/c,336500,3.625,0.6556,6612.5,240,not_neg,not_int,not_lpsm,388000.0,sb,pr,home,1U,7320.0,CRIF,651,CIB,35-44,to_inst,86.72680412,south,direct,0,39.0,0.0
98436,2019,cf,Sex Not Available,nopre,type1,p3,l1,nopc,nob/c,236500,3.5,0.1963,7165.0,360,not_neg,not_int,not_lpsm,448000.0,sb,pr,home,1U,2400.0,CRIF,568,CIB,>74,to_inst,52.79017857,south,direct,0,45.0,0.0
76968,2019,cf,Male,pre,type1,p4,l1,nopc,nob/c,306500,3.5,0.7258,32245.0,240,not_neg,not_int,not_lpsm,568000.0,sb,pr,home,1U,6960.0,EXP,708,CIB,25-34,to_inst,53.96126761,south,direct,0,27.0,0.0
140636,2019,cf,Joint,pre,type1,p4,l1,nopc,nob/c,526500,4.5,0.8484,12471.25,360,not_neg,not_int,not_lpsm,688000.0,sb,pr,home,1U,14160.0,CRIF,702,EXP,35-44,to_inst,76.52616279,central,direct,0,28.0,0.0
172596,2019,cf,Joint,nopre,type1,p4,l1,nopc,nob/c,616500,4.875,1.343,1782.32,360,not_neg,not_int,not_lpsm,828000.0,sb,ir,home,1U,17640.0,CIB,719,EXP,45-54,not_inst,74.45652174,south,direct,0,24.0,0.0
149280,2019,cf,Joint,pre,type3,p3,l1,nopc,nob/c,226500,3.25,-0.371,32245.0,360,not_neg,not_int,not_lpsm,268000.0,sb,pr,home,1U,2520.0,EXP,887,EXP,>74,not_inst,84.51492537,North,direct,0,39.0,0.0
94432,2019,cf,Sex Not Available,nopre,type1,p3,l2,nopc,nob/c,696500,4.56,0.5499,32245.0,360,not_neg,not_int,not_lpsm,1168000.0,sb,pr,home,1U,7320.0,EXP,671,EXP,55-64,to_inst,59.63184932,south,direct,0,39.0,0.0
53226,2019,cf,Male,nopre,type1,p3,l1,nopc,nob/c,176500,3.625,0.2588,4541.47,360,not_neg,not_int,not_lpsm,208000.0,sb,pr,home,1U,2520.0,CIB,855,CIB,45-54,to_inst,84.85576923,south,direct,0,35.0,0.0
138132,2019,cf,Female,nopre,type1,p3,l1,nopc,nob/c,206500,3.875,0.435,5936.88,360,not_neg,not_int,not_lpsm,308000.0,sb,pr,home,1U,4320.0,CIB,639,CIB,45-54,to_inst,67.04545455,North,direct,0,32.0,0.0
54256,2019,cf,Female,nopre,type1,p1,l1,nopc,nob/c,416500,4.05,0.45,32245.0,360,not_neg,not_int,not_lpsm,468000.0,sb,pr,home,1U,6720.0,CIB,852,CIB,25-34,to_inst,88.9957265,central,direct,1,46.0,538292.5
161835,2019,cf,Sex Not Available,nopre,type2,p4,l1,nopc,b/c,376500,4.05,0.45,32245.0,360,neg_amm,not_int,not_lpsm,388000.0,sb,pr,home,1U,4200.0,CRIF,534,CIB,25-34,to_inst,97.03608247,south,direct,1,59.0,489692.5
47489,2019,cf,Joint,nopre,type1,p3,l1,nopc,nob/c,536500,3.875,0.2995,6344.72,360,not_neg,not_int,not_lpsm,1328000.0,sb,pr,home,1U,11940.0,CRIF,581,EXP,55-64,not_inst,40.39909639,North,direct,0,22.0,0.0
102486,2019,cf,Joint,pre,type2,p3,l1,nopc,b/c,386500,3.625,0.5841,1143.99,360,not_neg,not_int,not_lpsm,468000.0,sb,pr,home,1U,3780.0,CRIF,753,EXP,55-64,not_inst,82.58547009,south,direct,0,41.0,0.0
145760,2019,cf,Male,pre,type1,p1,l1,nopc,nob/c,186500,4.56,0.9082,2314.0,324,not_neg,not_int,not_lpsm,198000.0,sb,pr,home,1U,4740.0,EXP,662,CIB,25-34,to_inst,94.19191919,North,direct,0,27.0,0.0
94095,2019,cf,Female,pre,type1,p1,l1,nopc,nob/c,236500,4.99,0.9107,2596.95,360,not_neg,not_int,not_lpsm,298000.0,sb,sr,home,1U,11100.0,EXP,591,CIB,45-54,to_inst,79.36241611,North,direct,0,31.0,0.0
138332,2019,cf,Joint,nopre,type1,p1,l1,nopc,nob/c,706500,3.875,0.1724,1608.0,360,not_neg,not_int,not_lpsm,898000.0,sb,pr,home,1U,7920.0,CRIF,676,EXP,35-44,not_inst,78.67483296,south,direct,0,44.0,0.0
85451,2019,cf,Joint,nopre,type1,p4,l1,nopc,nob/c,276500,3.375,0.5057,6249.28,240,not_neg,not_int,not_lpsm,508000.0,sb,pr,home,1U,6900.0,EXP,587,EXP,65-74,to_inst,54.42913386,south,direct,0,30.0,0.0
73021,2019,cf,Joint,nopre,type1,p4,l1,nopc,nob/c,576500,3.125,-0.0073,2678.07,180,not_neg,not_int,not_lpsm,938000.0,sb,pr,home,1U,10860.0,CRIF,857,EXP,55-64,not_inst,61.46055437,North,direct,0,39.0,0.0
114843,2019,cf,Female,nopre,type1,p3,l1,nopc,nob/c,106500,4.125,0.3426,3570.0,360,not_neg,not_int,not_lpsm,188000.0,sb,pr,home,1U,1320.0,CRIF,552,CIB,65-74,to_inst,56.64893617,North,direct,0,40.0,0.0
159548,2019,cf,Sex Not Available,nopre,type2,p3,l1,nopc,b/c,96500,3.625,0.8991,3173.97,360,not_neg,not_int,not_lpsm,138000.0,sb,pr,home,1U,2100.0,CRIF,716,CIB,55-64,to_inst,69.92753623,south,direct,0,21.0,0.0
81304,2019,cf,Joint,nopre,type2,p1,l1,nopc,b/c,276500,4.375,1.0051,3037.71,360,not_neg,not_int,not_lpsm,278000.0,sb,pr,home,1U,4680.0,CRIF,717,CIB,25-34,to_inst,99.46043165,south,direct,0,51.0,0.0
47495,2019,cf,Joint,nopre,type2,p4,l1,nopc,b/c,576500,3.625,0.6917,0.0,360,not_neg,not_int,not_lpsm,708000.0,sb,pr,home,1U,9840.0,CIB,899,EXP,25-34,not_inst,81.42655367,North,direct,0,39.0,0.0
143748,2019,cf,Male,nopre,type2,p3,l2,nopc,b/c,176500,4.05,0.45,32245.0,360,not_neg,not_int,not_lpsm,218000.0,sb,pr,home,1U,3000.0,CIB,522,CIB,35-44,to_inst,80.96330275,North,direct,1,40.0,246692.5
74078,2019,cf,Female,nopre,type1,p1,l1,nopc,nob/c,196500,3.99,0.287,795.0,360,not_neg,not_int,not_lpsm,228000.0,sb,pr,home,1U,2400.0,CRIF,705,CIB,35-44,not_inst,86.18421053,North,direct,0,43.0,0.0
32773,2019,cf,Male,nopre,type1,p4,l2,nopc,nob/c,246500,4.05,0.45,32245.0,360,not_neg,not_int,not_lpsm,298000.0,sb,pr,home,1U,7500.0,CRIF,701,CIB,45-54,to_inst,82.71812081,North,direct,1,37.0,331742.5
171784,2019,cf,Sex Not Available,nopre,type1,p4,l1,nopc,nob/c,386500,3.625,-0.0206,4320.0,360,not_neg,not_int,not_lpsm,688000.0,sb,pr,home,1U,9780.0,CRIF,611,EXP,35-44,not_inst,56.17732558,North,direct,0,22.0,0.0
48215,2019,cf,Joint,nopre,type1,p2,l1,nopc,nob/c,66500,4.75,1.3702,2306.25,360,not_neg,not_int,not_lpsm,628000.0,sb,sr,home,1U,9600.0,CIB,706,EXP,55-64,to_inst,10.58917197,North,direct,0,48.0,0.0
112468,2019,cf,Male,nopre,type1,p4,l1,nopc,nob/c,486500,4.375,-0.0729,1262.62,360,neg_amm,not_int,not_lpsm,628000.0,sb,pr,home,1U,6780.0,EXP,627,CIB,25-34,not_inst,77.46815287,North,direct,0,36.0,0.0
132687,2019,cf,Female,nopre,type1,p4,l1,nopc,nob/c,186500,4.05,0.45,32245.0,360,not_neg,not_int,not_lpsm,258000.0,sb,pr,home,1U,3480.0,CRIF,570,CIB,55-64,to_inst,72.28682171,North,direct,1,60.0,258842.5
118276,2019,cf,Sex Not Available,nopre,type1,p3,l1,nopc,nob/c,156500,3.99,0.4692,4600.0,360,not_neg,not_int,not_lpsm,258000.0,sb,pr,home,1U,2760.0,CRIF,809,CIB,>74,to_inst,60.65891473,south,direct,0,30.0,0.0
135402,2019,cf,Sex Not Available,nopre,type1,p2,l1,nopc,nob/c,76500,4.625,1.4287,3031.25,360,not_neg,int_only,not_lpsm,148000.0,sb,pr,home,1U,3840.0,CIB,860,EXP,65-74,to_inst,51.68918919,south,direct,0,12.0,0.0
36840,2019,cf,Male,nopre,type1,p1,l1,nopc,nob/c,396500,4.05,0.45,32245.0,360,not_neg,not_int,lpsm,498000.0,sb,pr,home,1U,7200.0,CRIF,805,CIB,35-44,not_inst,79.6184739,North,direct,1,31.0,513992.5
86271,2019,cf,Joint,nopre,type1,p4,l1,nopc,nob/c,356500,3.75,0.7714,3022.5,180,not_neg,not_int,not_lpsm,478000.0,sb,pr,home,1U,12540.0,EXP,594,EXP,45-54,to_inst,74.58158996,North,direct,0,39.0,0.0
65501,2019,ncf,Joint,pre,type3,p1,l1,nopc,nob/c,586500,3.625,-0.4149,2693.47,360,not_neg,not_int,not_lpsm,658000.0,sb,pr,home,1U,7500.0,CIB,632,EXP,35-44,not_inst,89.1337386,North,direct,0,42.0,0.0
81158,2019,cf,Sex Not Available,nopre,type1,p4,l1,nopc,nob/c,216500,4.05,0.45,32245.0,360,not_neg,not_int,not_lpsm,258000.0,sb,pr,home,1U,4320.0,EXP,852,CIB,65-74,to_inst,83.91472868,south,direct,1,54.0,295292.5
66499,2019,cf,Male,nopre,type1,p3,l1,nopc,nob/c,196500,4.875,0.6088,4768.75,360,not_neg,not_int,not_lpsm,288000.0,sb,pr,home,1U,2880.0,CIB,664,CIB,55-64,to_inst,68.22916667,North,direct,0,40.0,0.0
68451,2019,cf,Sex Not Available,nopre,type1,p3,l1,nopc,nob/c,146500,3.99,0.4454,4313.75,360,not_neg,not_int,not_lpsm,198000.0,sb,pr,home,1U,3180.0,EXP,598,CIB,35-44,to_inst,73.98989899,south,direct,0,30.0,0.0
84100,2019,cf,Male,nopre,type1,p3,l2,nopc,nob/c,406500,4.125,0.0669,5879.96,360,not_neg,not_int,not_lpsm,518000.0,sb,pr,home,1U,6840.0,CIB,605,CIB,25-34,not_inst,78.47490347,North,direct,0,22.0,0.0
171997,2019,cf,Male,nopre,type1,p1,l1,nopc,nob/c,76500,4.05,0.45,32245.0,360,neg_amm,not_int,not_lpsm,278000.0,sb,pr,home,1U,1620.0,CIB,820,CIB,65-74,to_inst,27.51798561,North,direct,1,61.0,125192.5
92752,2019,cf,Joint,nopre,type1,p3,l1,nopc,nob/c,636500,4.99,0.7221,12248.55,360,not_neg,int_only,not_lpsm,878000.0,sb,pr,home,1U,11220.0,CIB,661,EXP,35-44,to_inst,72.49430524,North,direct,0,41.0,0.0
32650,2019,cf,Male,pre,type1,p4,l1,nopc,nob/c,276500,4.05,0.45,32245.0,360,not_neg,not_int,not_lpsm,288000.0,sb,pr,home,1U,5040.0,CRIF,741,EXP,25-34,to_inst,96.00694444,North,direct,1,45.0,368192.5
57241,2019,cf,Joint,nopre,type2,p3,l1,nopc,b/c,226500,4.75,1.4445,2210.0,360,not_neg,not_int,not_lpsm,268000.0,sb,pr,home,1U,7560.0,EXP,704,EXP,35-44,to_inst,84.51492537,North,direct,0,44.0,0.0
66274,2019,cf,Male,pre,type1,p1,l1,nopc,nob/c,66500,4.625,1.0823,2739.23,180,not_neg,not_int,not_lpsm,78000.0,sb,sr,home,1U,3480.0,CIB,635,CIB,45-54,to_inst,85.25641026,North,direct,0,36.0,0.0
85716,2019,cf,Sex Not Available,nopre,type1,p1,l1,nopc,nob/c,316500,4.05,0.45,32245.0,360,not_neg,not_int,not_lpsm,398000.0,sb,pr,home,1U,3780.0,EXP,639,CIB,55-64,to_inst,79.52261307,south,direct,1,44.0,416792.5
98837,2019,cf,Male,pre,type1,p4,l1,nopc,nob/c,616500,4.375,0.5878,0.0,360,not_neg,not_int,not_lpsm,878000.0,sb,pr,home,1U,6540.0,EXP,612,CIB,55-64,not_inst,70.21640091,North,direct,0,45.0,0.0
62917,2019,cf,Female,nopre,type2,p3,l1,nopc,b/c,326500,2.875,0.0155,6375.3,360,not_neg,not_int,not_lpsm,418000.0,sb,pr,home,1U,4080.0,CRIF,537,CIB,35-44,to_inst,78.11004785,south,direct,0,54.0,0.0
87853,2019,ncf,Male,pre,type1,p1,l1,nopc,nob/c,206500,4.25,0.6611,4123.75,360,not_neg,not_int,not_lpsm,228000.0,sb,pr,home,1U,3360.0,CIB,754,CIB,25-34,to_inst,90.57017544,North,direct,0,26.0,0.0
137884,2019,cf,Joint,pre,type1,p3,l1,nopc,nob/c,296500,3.875,0.4872,5723.9,360,not_neg,not_int,not_lpsm,428000.0,sb,pr,home,1U,3780.0,CIB,897,EXP,35-44,to_inst,69.27570093,North,direct,0,39.0,0.0
71573,2019,cf,Male,nopre,type2,p4,l1,nopc,b/c,296500,3.625,1.0235,8008.89,360,not_neg,not_int,not_lpsm,328000.0,sb,pr,home,1U,4200.0,CRIF,714,CIB,25-34,not_inst,90.39634146,North,direct,0,37.0,0.0
103546,2019,cf,Male,pre,type2,p1,l1,nopc,b/c,156500,3.99,1.1927,296.93,360,not_neg,not_int,not_lpsm,168000.0,sb,pr,home,1U,1980.0,CRIF,723,CIB,35-44,not_inst,93.1547619,North,direct,0,43.0,0.0
81368,2019,cf,Joint,nopre,type1,p1,l1,nopc,nob/c,126500,4.5,0.8307,2514.06,324,neg_amm,not_int,not_lpsm,128000.0,sb,pr,home,1U,2940.0,CRIF,895,EXP,35-44,to_inst,98.828125,North,direct,0,42.0,0.0
61754,2019,cf,Joint,nopre,type1,p3,l1,nopc,nob/c,256500,3.99,0.3349,6300.0,360,not_neg,not_int,not_lpsm,438000.0,sb,pr,home,1U,5160.0,EXP,638,EXP,35-44,to_inst,58.56164384,North,direct,0,40.0,0.0
126357,2019,cf,Male,nopre,type1,p1,l1,nopc,nob/c,726500,4.125,-0.0996,900.0,360,not_neg,not_int,not_lpsm,1288000.0,sb,pr,home,1U,9240.0,CIB,627,CIB,25-34,not_inst,56.4052795,south,direct,0,39.0,0.0
78712,2019,cf,Sex Not Available,pre,type1,p1,l1,nopc,nob/c,386500,4.375,0.3038,2590.0,360,neg_amm,not_int,not_lpsm,488000.0,sb,sr,home,1U,10920.0,CRIF,666,EXP,55-64,to_inst,79.20081967,south,direct,0,13.0,0.0
147739,2019,ncf,Joint,nopre,type1,p4,l1,nopc,nob/c,136500,5.25,1.3554,3372.47,360,not_neg,not_int,not_lpsm,218000.0,sb,ir,home,1U,11040.0,CIB,805,EXP,35-44,to_inst,62.6146789,south,direct,0,23.0,0.0
28350,2019,cf,Female,nopre,type2,p1,l1,nopc,b/c,466500,4.25,1.0382,0.0,360,not_neg,not_int,not_lpsm,478000.0,sb,pr,home,1U,8100.0,CIB,700,CIB,35-44,not_inst,97.59414226,central,direct,0,42.0,0.0
144742,2019,cf,Male,nopre,type1,p4,l1,nopc,nob/c,216500,3.375,0.6014,6728.37,180,not_neg,not_int,not_lpsm,408000.0,sb,pr,home,1U,8640.0,CIB,594,CIB,35-44,to_inst,53.06372549,North,direct,0,43.0,0.0
46258,2019,cf,Joint,nopre,type1,p1,l1,nopc,nob/c,376500,4.0,0.7367,1491.77,360,not_neg,not_int,not_lpsm,398000.0,sb,pr,home,1U,5160.0,CRIF,768,EXP,25-34,not_inst,94.59798995,North,direct,0,42.0,0.0
115996,2019,cf,Sex Not Available,nopre,type1,p4,l1,nopc,nob/c,246500,4.05,0.45,32245.0,360,not_neg,not_int,not_lpsm,458000.0,sb,pr,home,1U,4080.0,CRIF,749,CIB,45-54,to_inst,53.8209607,south,direct,1,46.0,331742.5
166595,2019,ncf,Joint,pre,type1,p4,l1,nopc,nob/c,106500,3.75,0.2555,4123.75,360,not_neg,not_int,not_lpsm,308000.0,sb,pr,home,1U,4380.0,CRIF,784,EXP,>74,to_inst,34.57792208,North,direct,0,32.0,0.0
75992,2019,cf,Sex Not Available,nopre,type1,p4,l1,nopc,nob/c,216500,3.375,0.6165,6213.95,240,not_neg,not_int,not_lpsm,288000.0,sb,pr,home,1U,8640.0,EXP,786,EXP,45-54,to_inst,75.17361111,south,direct,0,34.0,0.0
96612,2019,cf,Female,nopre,type1,p4,l1,nopc,nob/c,196500,4.05,0.45,32245.0,360,not_neg,not_int,not_lpsm,258000.0,sb,pr,home,1U,4380.0,CIB,510,CIB,45-54,to_inst,76.1627907,North,direct,1,36.0,270992.5
77049,2019,ncf,Sex Not Available,pre,type1,p1,l1,nopc,nob/c,416500,3.5,-0.1792,8857.0,360,not_neg,not_int,not_lpsm,458000.0,sb,pr,home,1U,5580.0,EXP,508,CIB,35-44,to_inst,90.93886463,south,direct,0,40.0,0.0
71481,2019,ncf,Sex Not Available,nopre,type2,p3,l1,nopc,b/c,126500,4.125,0.8205,1420.55,360,not_neg,not_int,not_lpsm,148000.0,sb,pr,home,1U,5100.0,CIB,634,CIB,35-44,to_inst,85.47297297,south,direct,0,45.0,0.0
65954,2019,cf,Sex Not Available,nopre,type1,p3,l1,nopc,nob/c,456500,4.05,0.45,32245.0,360,not_neg,not_int,lpsm,778000.0,sb,pr,home,1U,2580.0,CRIF,541,CIB,35-44,to_inst,58.67609254,south,direct,1,50.0,586892.5
166706,2019,cf,Sex Not Available,nopre,type1,p3,l1,nopc,nob/c,186500,3.99,0.4439,3903.15,360,not_neg,not_int,not_lpsm,318000.0,sb,pr,home,1U,5160.0,CIB,707,CIB,>74,to_inst,58.64779874,south,direct,0,35.0,0.0
65354,2019,ncf,Joint,pre,type3,p1,l1,nopc,nob/c,636500,3.625,-0.1139,2244.37,360,not_neg,not_int,not_lpsm,678000.0,sb,pr,home,1U,7020.0,CRIF,539,EXP,35-44,to_inst,93.87905605,North,direct,0,52.0,0.0
160607,2019,cf,Joint,nopre,type2,p3,l1,nopc,b/c,286500,4.05,0.45,32245.0,360,not_neg,not_int,not_lpsm,308000.0,sb,pr,home,1U,2460.0,EXP,831,EXP,55-64,to_inst,93.01948052,North,direct,1,56.0,380342.5
65829,2019,cf,Joint,pre,type1,p4,l1,nopc,nob/c,356500,4.05,0.45,32245.0,360,not_neg,not_int,not_lpsm,508000.0,sb,pr,home,1U,4740.0,CRIF,703,EXP,45-54,not_inst,70.17716535,south,direct,1,49.0,465392.5
81133,2019,ncf,Joint,nopre,type1,p3,l1,nopc,nob/c,706500,3.99,0.6718,7427.5,180,not_neg,not_int,not_lpsm,958000.0,sb,pr,home,1U,36120.0,CRIF,729,EXP,45-54,to_inst,73.7473904,North,direct,0,13.0,0.0
64698,2019,cf,Joint,nopre,type1,p1,l1,nopc,nob/c,326500,4.875,0.7236,559.69,360,not_neg,not_int,not_lpsm,348000.0,sb,pr,home,1U,9300.0,EXP,822,EXP,45-54,to_inst,93.82183908,North,direct,0,39.0,0.0
111068,2019,cf,Male,nopre,type1,p4,l1,nopc,nob/c,486500,3.125,-0.1154,0.0,180,not_neg,not_int,not_lpsm,608000.0,sb,pr,home,1U,7860.0,CIB,841,CIB,35-44,not_inst,80.01644737,North,direct,0,44.0,0.0
25142,2019,cf,Joint,nopre,type1,p3,l1,nopc,nob/c,376500,4.75,0.362,0.0,360,not_neg,not_int,not_lpsm,598000.0,sb,pr,home,1U,6720.0,CIB,853,EXP,25-34,not_inst,62.95986622,North,direct,0,37.0,0.0
37267,2019,cf,Male,nopre,type2,p1,l1,nopc,b/c,266500,4.05,0.45,32245.0,360,not_neg,not_int,not_lpsm,268000.0,sb,pr,home,1U,8880.0,EXP,739,EXP,65-74,not_inst,99.44029851,south,direct,1,51.0,356042.5
94892,2019,cf,Male,nopre,type1,p3,l1,nopc,nob/c,236500,3.99,1.2033,3891.49,180,not_neg,not_int,not_lpsm,418000.0,sb,pr,home,1U,4020.0,EXP,839,CIB,45-54,to_inst,56.57894737,south,direct,0,40.0,0.0
38954,2019,cf,Male,pre,type1,p1,l1,nopc,nob/c,286500,3.99,0.9817,10227.94,360,not_neg,not_int,not_lpsm,298000.0,sb,pr,home,1U,7740.0,CRIF,697,CIB,35-44,to_inst,96.1409396,south,direct,0,27.0,0.0
163414,2019,cf,Female,nopre,type1,p4,l1,nopc,nob/c,486500,4.375,0.089,1295.0,360,not_neg,not_int,not_lpsm,618000.0,sb,pr,home,1U,7200.0,EXP,862,CIB,35-44,not_inst,78.72168285,North,direct,0,37.0,0.0
66218,2019,cf,Joint,nopre,type1,p1,l1,nopc,nob/c,696500,4.125,0.38,1095.0,360,not_neg,not_int,not_lpsm,778000.0,sb,pr,home,1U,11280.0,CRIF,590,EXP,25-34,not_inst,89.52442159,North,direct,0,48.0,0.0
57652,2019,cf,Male,nopre,type3,p1,l1,nopc,nob/c,516500,3.49,-0.228,0.0,360,not_neg,not_int,not_lpsm,518000.0,sb,pr,home,1U,4140.0,CRIF,514,CIB,25-34,not_inst,99.71042471,south,direct,0,57.0,0.0
67823,2019,cf,Male,nopre,type1,p3,l1,nopc,nob/c,236500,3.99,0.4932,4782.5,360,not_neg,not_int,not_lpsm,338000.0,sb,pr,home,1U,4320.0,EXP,701,CIB,35-44,to_inst,69.9704142,south,direct,0,37.0,0.0
99898,2019,cf,Joint,nopre,type1,p3,l1,nopc,nob/c,246500,4.25,0.8844,3742.0,180,neg_amm,not_int,not_lpsm,308000.0,sb,pr,home,1U,8220.0,CIB,694,EXP,35-44,to_inst,80.03246753,North,direct,0,36.0,0.0
131465,2019,cf,Joint,nopre,type1,p1,l1,nopc,nob/c,196500,4.5,1.0264,6674.38,360,not_neg,not_int,not_lpsm,268000.0,sb,pr,home,1U,2880.0,EXP,504,EXP,25-34,to_inst,73.32089552,North,direct,0,41.0,0.0
86890,2019,cf,Sex Not Available,nopre,type1,p4,l1,nopc,nob/c,396500,3.99,0.279,3215.0,360,not_neg,not_int,not_lpsm,528000.0,sb,pr,home,1U,9000.0,CRIF,664,EXP,55-64,to_inst,75.09469697,south,direct,0,36.0,0.0
171622,2019,cf,Male,pre,type2,p1,l1,nopc,b/c,256500,3.625,0.8302,0.0,360,not_neg,not_int,not_lpsm,258000.0,sb,pr,home,1U,3960.0,CRIF,568,CIB,35-44,not_inst,99.41860465,North,direct,0,41.0,0.0
133141,2019,cf,Male,nopre,type1,p4,l1,nopc,nob/c,206500,3.125,0.5054,6250.0,180,not_neg,not_int,not_lpsm,718000.0,sb,pr,home,1U,6420.0,CIB,613,CIB,55-64,to_inst,28.76044568,south,direct,0,31.0,0.0
59729,2019,cf,Joint,nopre,type1,p4,l1,nopc,nob/c,206500,3.5,0.1941,3180.0,144,not_neg,not_int,not_lpsm,278000.0,sb,pr,home,1U,6420.0,EXP,737,EXP,55-64,to_inst,74.28057554,central,direct,0,43.0,0.0
135320,2019,ncf,Sex Not Available,nopre,type1,p1,l1,nopc,nob/c,356500,4.375,0.3467,587.9,360,not_neg,not_int,not_lpsm,538000.0,sb,ir,home,1U,7440.0,CIB,536,EXP,55-64,not_inst,66.26394052,south,direct,0,37.0,0.0
134281,2019,cf,Sex Not Available,nopre,type1,p4,l2,nopc,nob/c,236500,4.05,0.45,32245.0,360,not_neg,not_int,not_lpsm,348000.0,sb,pr,home,1U,5640.0,CRIF,582,EXP,45-54,to_inst,67.95977011,south,direct,1,31.0,319592.5
109910,2019,cf,Female,nopre,type2,p2,l1,nopc,b/c,26500,4.625,1.2868,481.56,360,neg_amm,not_int,not_lpsm,228000.0,sb,pr,home,1U,1380.0,CRIF,874,CIB,55-64,to_inst,11.62280702,North,direct,0,36.0,0.0
164630,2019,cf,Joint,nopre,type1,p1,l1,nopc,nob/c,486500,3.5,-0.0726,1110.89,360,not_neg,int_only,not_lpsm,658000.0,sb,sr,home,1U,14340.0,CRIF,645,EXP,45-54,not_inst,73.93617021,North,direct,0,47.0,0.0
46199,2019,cf,Female,nopre,type1,p3,l1,nopc,nob/c,356500,5.0,1.2249,0.0,360,not_neg,int_only,not_lpsm,558000.0,sb,pr,home,1U,8640.0,CRIF,574,CIB,35-44,not_inst,63.88888889,North,direct,0,28.0,0.0
167320,2019,ncf,Male,pre,type2,p3,l1,nopc,b/c,736500,3.99,1.1018,4725.0,360,not_neg,not_int,not_lpsm,868000.0,sb,pr,home,1U,8640.0,CIB,663,CIB,35-44,to_inst,84.85023041,North,direct,0,47.0,0.0
115692,2019,cf,Male,nopre,type2,p4,l1,nopc,b/c,126500,3.99,1.0268,3531.39,360,not_neg,not_int,not_lpsm,138000.0,sb,pr,home,1U,2880.0,CRIF,663,CIB,45-54,to_inst,91.66666667,North,direct,0,41.0,0.0
92030,2019,cf,Joint,pre,type1,p1,l1,nopc,nob/c,216500,4.375,0.0555,538.56,360,not_neg,not_int,not_lpsm,268000.0,sb,sr,home,1U,5700.0,CIB,730,EXP,65-74,not_inst,80.78358209,North,direct,0,31.0,0.0
70981,2019,cf,Sex Not Available,nopre,type1,p1,l1,nopc,nob/c,66500,4.99,1.116,1832.34,360,not_neg,not_int,not_lpsm,78000.0,sb,pr,home,1U,2160.0,CIB,567,CIB,35-44,to_inst,85.25641026,south,direct,0,49.0,0.0
128131,2019,cf,Joint,nopre,type1,p4,l1,nopc,nob/c,546500,3.875,0.3174,0.0,360,not_neg,not_int,not_lpsm,598000.0,sb,pr,home,1U,7980.0,CIB,601,EXP,35-44,not_inst,91.38795987,North,direct,0,48.0,0.0
94895,2019,cf,Joint,nopre,type1,p4,l1,nopc,nob/c,406500,4.125,0.4162,0.0,360,not_neg,not_int,not_lpsm,618000.0,sb,ir,home,1U,11100.0,CIB,581,EXP,45-54,not_inst,65.77669903,south,direct,0,39.0,0.0
52008,2019,ncf,Male,pre,type1,p4,l1,nopc,nob/c,566500,4.375,0.3099,0.0,360,not_neg,not_int,not_lpsm,638000.0,sb,pr,home,1U,8220.0,EXP,898,EXP,25-34,not_inst,88.79310345,North,direct,0,43.0,0.0
58935,2019,cf,Female,nopre,type3,p1,l1,nopc,nob/c,306500,3.99,0.299,0.0,360,not_neg,not_int,not_lpsm,308000.0,sb,pr,home,1U,6120.0,EXP,816,CIB,25-34,not_inst,99.51298701,North,direct,0,33.0,0.0
54241,2019,cf,Joint,nopre,type1,p3,l1,nopc,nob/c,456500,4.375,0.4082,1150.0,180,not_neg,not_int,not_lpsm,568000.0,sb,pr,home,1U,13320.0,CRIF,587,EXP,55-64,to_inst,80.36971831,North,direct,0,36.0,0.0
157557,2019,cf,Male,nopre,type1,p4,l1,nopc,nob/c,136500,5.375,1.1016,2258.38,360,neg_amm,not_int,not_lpsm,228000.0,sb,ir,home,1U,3600.0,CIB,513,CIB,55-64,to_inst,59.86842105,North,direct,0,21.0,0.0
142043,2019,cf,Male,nopre,type1,p3,l1,nopc,nob/c,126500,3.99,0.4849,3810.0,360,not_neg,not_int,not_lpsm,428000.0,sb,pr,home,1U,1440.0,CRIF,617,CIB,55-64,to_inst,29.55607477,south,direct,0,44.0,0.0
77080,2019,cf,Male,nopre,type1,p4,l1,nopc,nob/c,476500,4.125,0.2297,532.06,360,not_neg,not_int,not_lpsm,508000.0,sb,pr,home,1U,6840.0,CIB,598,EXP,25-34,not_inst,93.7992126,south,direct,0,40.0,0.0
112979,2019,cf,Male,nopre,type1,p4,l1,nopc,nob/c,556500,4.0,-0.1079,32245.0,360,not_neg,not_int,not_lpsm,778000.0,sb,pr,home,1U,8640.0,EXP,854,CIB,35-44,not_inst,71.52956298,south,direct,0,37.0,0.0
61665,2019,cf,Female,nopre,type1,p4,l1,nopc,nob/c,466500,4.05,0.45,32245.0,180,not_neg,not_int,not_lpsm,498000.0,sb,ir,home,1U,8580.0,EXP,839,CIB,45-54,not_inst,93.6746988,south,direct,1,40.0,315643.75
